{
  "loss": 0.5118696093559265,
  "accuracy": 0.9033589363098145,
  "val_loss": 0.338798463344574,
  "val_accuracy": 0.9646464586257935,
  "lr": 0.0005000000237487257,
  "epoch": 48,
  "global_step": 13377
}